"","LONGITUDE","LATITUDE"
"1",-7632.14359999821,4864982.2171
"2",-7637.25699999928,4864949.8143
"3",-7628.13450000063,4864977.0212
"4",-7622.05460000038,4864976.2942
"5",-7636.20569999889,4864967.3302
"6",-7633.72949999943,4864965.3173
"7",-7605.41930000111,4864979.0708
"8",-7607.24760000035,4864978.5467
"9",-7616.55600000173,4864975.8786
"10",-7618.58689999953,4864975.2962
"11",-7592.73330000043,4864982.7069
"12",-7611.05649999902,4864981.8017
"13",-7592.71860000119,4864984.4303
"14",-7587.04140000045,4864986.0578
"15",-7589.00149999931,4864985.4959
"16",-7615.52769999951,4864982.2821
"17",-7632.14359999821,4864982.2171
"18",-7634.50039999932,4864984.3192
"19",-7636.63300000131,4864991.8306
"20",-7637.22569999844,4864993.8063
"21",-7641.03009999916,4865006.8267
"22",-7638.84319999814,4864999.3684
"23",-7639.41719999909,4865001.2771
"24",-7638.06769999862,4865000.6202
"25",-7639.07779999822,4865011.764
"26",-7641.62460000068,4865008.9015
"27",-7632.2388000004,4864988.2492
"28",-7640.97619999945,4865010.6595
"29",-7650.16560000181,4864937.0569
"30",-7645.0887000002,4864948.9595
"31",-7656.63569999859,4864938.026
"32",-7643.20149999857,4864947.9906
"33",-7669.23350000009,4864936.1548
"34",-7676.6270999983,4864934.0356
"35",-7661.73589999974,4864938.3039
"36",-7667.33980000019,4864936.6978
"37",-7674.95589999855,4864934.5144
"38",-7680.13459999859,4864931.4921
"39",-7684.28240000084,4864931.8414
"40",-7682.5438000001,4864932.3395
"41",-7685.72349999845,4864929.8903
"42",-7643.99379999936,4864930.198
"43",-7661.89689999819,4864934.6188
"44",-7675.35249999911,4864932.8629
"45",-7646.33929999918,4864932.2718
"46",-7643.38509999961,4864928.0748
"47",-7641.28579999879,4864920.7506
"48",-7641.77189999819,4864922.4459
"49",-7639.64950000122,4864915.0412
"50",-7646.24460000172,4864925.929
"51",-7637.72890000045,4864903.1834
"52",-7639.1361999996,4864913.2513
"53",-7636.96020000055,4864905.6597
"54",-7640.70399999991,4864913.5625
"55",-7637.25699999928,4864949.8143
"56",-7622.05460000038,4864976.2942
"57",-7636.20569999889,4864967.3302
"58",-7618.58689999953,4864975.2962
"59",-7633.72949999943,4864965.3173
"60",-7628.13450000063,4864977.0212
"61",-7592.73330000043,4864982.7069
"62",-7605.41930000111,4864979.0708
"63",-7607.24760000035,4864978.5467
"64",-7616.55600000173,4864975.8786
"65",-7611.05649999902,4864981.8017
"66",-7589.00149999931,4864985.4959
"67",-7592.71860000119,4864984.4303
"68",-7587.04140000045,4864986.0578
"69",-7611.05649999902,4864981.8017
"70",-7634.50039999932,4864984.3192
"71",-7632.14359999821,4864982.2171
"72",-7615.52769999951,4864982.2821
"73",-7637.22569999844,4864993.8063
"74",-7641.03009999916,4865006.8267
"75",-7636.63300000131,4864991.8306
"76",-7638.84319999814,4864999.3684
"77",-7639.41719999909,4865001.2771
"78",-7641.62460000068,4865008.9015
"79",-7638.06769999862,4865000.6202
"80",-7639.07779999822,4865011.764
"81",-7640.97619999945,4865010.6595
"82",-7643.20149999857,4864947.9906
"83",-7645.0887000002,4864948.9595
"84",-7632.2388000004,4864988.2492
"85",-7656.63569999859,4864938.026
"86",-7650.16560000181,4864937.0569
"87",-7661.73589999974,4864938.3039
"88",-7669.23350000009,4864936.1548
"89",-7667.33980000019,4864936.6978
"90",-7674.95589999855,4864934.5144
"91",-7676.6270999983,4864934.0356
"92",-7684.28240000084,4864931.8414
"93",-7682.5438000001,4864932.3395
"94",-7685.72349999845,4864929.8903
"95",-7680.13459999859,4864931.4921
"96",-7646.33929999918,4864932.2718
"97",-7643.99379999936,4864930.198
"98",-7646.33929999918,4864932.2718
"99",-7675.35249999911,4864932.8629
"100",-7643.38509999961,4864928.0748
"101",-7639.64950000122,4864915.0412
"102",-7641.28579999879,4864920.7506
"103",-7646.24460000172,4864925.929
"104",-7637.72890000045,4864903.1834
"105",-7636.96020000055,4864905.6597
"106",-7639.1361999996,4864913.2513
"107",-7640.70399999991,4864913.5625
"108",-7637.25699999928,4864949.8143
"109",-7636.20569999889,4864967.3302
"110",-7622.05460000038,4864976.2942
"111",-7633.72949999943,4864965.3173
"112",-7618.58689999953,4864975.2962
"113",-7628.13450000063,4864977.0212
"114",-7589.00149999931,4864985.4959
"115",-7587.04140000045,4864986.0578
"116",-7616.55600000173,4864975.8786
"117",-7592.73330000043,4864982.7069
"118",-7607.24760000035,4864978.5467
"119",-7592.71860000119,4864984.4303
"120",-7615.52769999951,4864982.2821
"121",-7611.05649999902,4864981.8017
"122",-7611.05649999902,4864981.8017
"123",-7639.41719999909,4865001.2771
"124",-7634.50039999932,4864984.3192
"125",-7632.14359999821,4864982.2171
"126",-7638.84319999814,4864999.3684
"127",-7636.63300000131,4864991.8306
"128",-7640.97619999945,4865010.6595
"129",-7641.62460000068,4865008.9015
"130",-7638.06769999862,4865000.6202
"131",-7641.03009999916,4865006.8267
"132",-7639.07779999822,4865011.764
"133",-7645.0887000002,4864948.9595
"134",-7632.2388000004,4864988.2492
"135",-7643.20149999857,4864947.9906
"136",-7650.16560000181,4864937.0569
"137",-7667.33980000019,4864936.6978
"138",-7656.63569999859,4864938.026
"139",-7661.73589999974,4864938.3039
"140",-7669.23350000009,4864936.1548
"141",-7674.95589999855,4864934.5144
"142",-7684.28240000084,4864931.8414
"143",-7685.72349999845,4864929.8903
"144",-7682.5438000001,4864932.3395
"145",-7676.6270999983,4864934.0356
"146",-7646.33929999918,4864932.2718
"147",-7643.99379999936,4864930.198
"148",-7675.35249999911,4864932.8629
"149",-7661.89689999819,4864934.6188
"150",-7680.13459999859,4864931.4921
"151",-7641.77189999819,4864922.4459
"152",-7641.28579999879,4864920.7506
"153",-7646.33929999918,4864932.2718
"154",-7646.24460000172,4864925.929
"155",-7643.38509999961,4864928.0748
"156",-7639.64950000122,4864915.0412
"157",-7636.96020000055,4864905.6597
"158",-7639.1361999996,4864913.2513
"159",-7640.70399999991,4864913.5625
"160",-7637.72890000045,4864903.1834
"161",-7633.72949999943,4864965.3173
"162",-7636.20569999889,4864967.3302
"163",-7637.25699999928,4864949.8143
"164",-7628.13450000063,4864977.0212
"165",-7616.55600000173,4864975.8786
"166",-7622.05460000038,4864976.2942
"167",-7607.24760000035,4864978.5467
"168",-7618.58689999953,4864975.2962
"169",-7605.41930000111,4864979.0708
"170",-7589.00149999931,4864985.4959
"171",-7592.73330000043,4864982.7069
"172",-7587.04140000045,4864986.0578
"173",-7592.71860000119,4864984.4303
"174",-7611.05649999902,4864981.8017
"175",-7632.14359999821,4864982.2171
"176",-7634.50039999932,4864984.3192
"177",-7615.52769999951,4864982.2821
"178",-7639.41719999909,4865001.2771
"179",-7638.84319999814,4864999.3684
"180",-7637.22569999844,4864993.8063
"181",-7641.03009999916,4865006.8267
"182",-7641.62460000068,4865008.9015
"183",-7640.97619999945,4865010.6595
"184",-7638.06769999862,4865000.6202
"185",-7639.07779999822,4865011.764
"186",-7632.2388000004,4864988.2492
"187",-7643.20149999857,4864947.9906
"188",-7656.63569999859,4864938.026
"189",-7645.0887000002,4864948.9595
"190",-7650.16560000181,4864937.0569
"191",-7661.73589999974,4864938.3039
"192",-7676.6270999983,4864934.0356
"193",-7674.95589999855,4864934.5144
"194",-7667.33980000019,4864936.6978
"195",-7669.23350000009,4864936.1548
"196",-7675.35249999911,4864932.8629
"197",-7682.5438000001,4864932.3395
"198",-7685.72349999845,4864929.8903
"199",-7680.13459999859,4864931.4921
"200",-7684.28240000084,4864931.8414
"201",-7646.33929999918,4864932.2718
"202",-7661.89689999819,4864934.6188
"203",-7643.99379999936,4864930.198
"204",-7646.33929999918,4864932.2718
"205",-7641.28579999879,4864920.7506
"206",-7639.64950000122,4864915.0412
"207",-7643.38509999961,4864928.0748
"208",-7641.77189999819,4864922.4459
"209",-7646.24460000172,4864925.929
"210",-7640.70399999991,4864913.5625
"211",-7639.1361999996,4864913.2513
"212",-7637.72890000045,4864903.1834
"213",-7636.96020000055,4864905.6597
"214",-7636.20569999889,4864967.3302
"215",-7637.25699999928,4864949.8143
"216",-7618.58689999953,4864975.2962
"217",-7628.13450000063,4864977.0212
"218",-7622.05460000038,4864976.2942
"219",-7633.72949999943,4864965.3173
"220",-7616.55600000173,4864975.8786
"221",-7592.73330000043,4864982.7069
"222",-7607.24760000035,4864978.5467
"223",-7605.41930000111,4864979.0708
"224",-7589.00149999931,4864985.4959
"225",-7587.04140000045,4864986.0578
"226",-7615.52769999951,4864982.2821
"227",-7592.71860000119,4864984.4303
"228",-7611.05649999902,4864981.8017
"229",-7636.63300000131,4864991.8306
"230",-7637.22569999844,4864993.8063
"231",-7632.14359999821,4864982.2171
"232",-7634.50039999932,4864984.3192
"233",-7638.84319999814,4864999.3684
"234",-7641.62460000068,4865008.9015
"235",-7641.03009999916,4865006.8267
"236",-7639.41719999909,4865001.2771
"237",-7639.07779999822,4865011.764
"238",-7638.06769999862,4865000.6202
"239",-7640.97619999945,4865010.6595
"240",-7643.20149999857,4864947.9906
"241",-7645.0887000002,4864948.9595
"242",-7632.2388000004,4864988.2492
"243",-7661.73589999974,4864938.3039
"244",-7650.16560000181,4864937.0569
"245",-7656.63569999859,4864938.026
"246",-7667.33980000019,4864936.6978
"247",-7674.95589999855,4864934.5144
"248",-7669.23350000009,4864936.1548
"249",-7676.6270999983,4864934.0356
"250",-7684.28240000084,4864931.8414
"251",-7682.5438000001,4864932.3395
"252",-7685.72349999845,4864929.8903
"253",-7675.35249999911,4864932.8629
"254",-7680.13459999859,4864931.4921
"255",-7661.89689999819,4864934.6188
"256",-7646.33929999918,4864932.2718
"257",-7646.24460000172,4864925.929
"258",-7643.38509999961,4864928.0748
"259",-7643.99379999936,4864930.198
"260",-7641.28579999879,4864920.7506
"261",-7641.77189999819,4864922.4459
"262",-7639.64950000122,4864915.0412
"263",-7640.70399999991,4864913.5625
"264",-7639.1361999996,4864913.2513
"265",-7637.72890000045,4864903.1834
"266",-7636.96020000055,4864905.6597
"267",-7633.72949999943,4864965.3173
"268",-7628.13450000063,4864977.0212
"269",-7637.25699999928,4864949.8143
"270",-7636.20569999889,4864967.3302
"271",-7622.05460000038,4864976.2942
"272",-7616.55600000173,4864975.8786
"273",-7618.58689999953,4864975.2962
"274",-7607.24760000035,4864978.5467
"275",-7605.41930000111,4864979.0708
"276",-7592.73330000043,4864982.7069
"277",-7587.04140000045,4864986.0578
"278",-7589.00149999931,4864985.4959
"279",-7592.71860000119,4864984.4303
"280",-7634.50039999932,4864984.3192
"281",-7611.05649999902,4864981.8017
"282",-7615.52769999951,4864982.2821
"283",-7632.14359999821,4864982.2171
"284",-7637.22569999844,4864993.8063
"285",-7641.03009999916,4865006.8267
"286",-7636.63300000131,4864991.8306
"287",-7638.84319999814,4864999.3684
"288",-7639.41719999909,4865001.2771
"289",-7638.06769999862,4865000.6202
"290",-7641.62460000068,4865008.9015
"291",-7640.97619999945,4865010.6595
"292",-7639.07779999822,4865011.764
"293",-7645.0887000002,4864948.9595
"294",-7656.63569999859,4864938.026
"295",-7632.2388000004,4864988.2492
"296",-7650.16560000181,4864937.0569
"297",-7643.20149999857,4864947.9906
"298",-7661.73589999974,4864938.3039
"299",-7669.23350000009,4864936.1548
"300",-7674.95589999855,4864934.5144
"301",-7667.33980000019,4864936.6978
"302",-7680.13459999859,4864931.4921
"303",-7684.28240000084,4864931.8414
"304",-7682.5438000001,4864932.3395
"305",-7676.6270999983,4864934.0356
"306",-7685.72349999845,4864929.8903
"307",-7675.35249999911,4864932.8629
"308",-7661.89689999819,4864934.6188
"309",-7646.33929999918,4864932.2718
"310",-7643.99379999936,4864930.198
"311",-7639.64950000122,4864915.0412
"312",-7643.38509999961,4864928.0748
"313",-7641.77189999819,4864922.4459
"314",-7641.28579999879,4864920.7506
"315",-7646.24460000172,4864925.929
"316",-7637.72890000045,4864903.1834
"317",-7639.1361999996,4864913.2513
"318",-7636.96020000055,4864905.6597
"319",-7640.70399999991,4864913.5625
"320",-7637.25699999928,4864949.8143
"321",-7633.72949999943,4864965.3173
"322",-7628.13450000063,4864977.0212
"323",-7636.20569999889,4864967.3302
"324",-7622.05460000038,4864976.2942
"325",-7618.58689999953,4864975.2962
"326",-7616.55600000173,4864975.8786
"327",-7607.24760000035,4864978.5467
"328",-7592.73330000043,4864982.7069
"329",-7605.41930000111,4864979.0708
"330",-7592.71860000119,4864984.4303
"331",-7589.00149999931,4864985.4959
"332",-7587.04140000045,4864986.0578
"333",-7611.05649999902,4864981.8017
"334",-7615.52769999951,4864982.2821
"335",-7637.22569999844,4864993.8063
"336",-7636.63300000131,4864991.8306
"337",-7634.50039999932,4864984.3192
"338",-7632.14359999821,4864982.2171
"339",-7641.62460000068,4865008.9015
"340",-7638.84319999814,4864999.3684
"341",-7641.03009999916,4865006.8267
"342",-7639.41719999909,4865001.2771
"343",-7639.07779999822,4865011.764
"344",-7638.06769999862,4865000.6202
"345",-7640.97619999945,4865010.6595
"346",-7645.0887000002,4864948.9595
"347",-7643.20149999857,4864947.9906
"348",-7632.2388000004,4864988.2492
"349",-7667.33980000019,4864936.6978
"350",-7650.16560000181,4864937.0569
"351",-7656.63569999859,4864938.026
"352",-7661.73589999974,4864938.3039
"353",-7682.5438000001,4864932.3395
"354",-7669.23350000009,4864936.1548
"355",-7684.28240000084,4864931.8414
"356",-7676.6270999983,4864934.0356
"357",-7674.95589999855,4864934.5144
"358",-7680.13459999859,4864931.4921
"359",-7661.89689999819,4864934.6188
"360",-7675.35249999911,4864932.8629
"361",-7685.72349999845,4864929.8903
"362",-7641.77189999819,4864922.4459
"363",-7643.38509999961,4864928.0748
"364",-7646.33929999918,4864932.2718
"365",-7646.24460000172,4864925.929
"366",-7643.99379999936,4864930.198
"367",-7641.28579999879,4864920.7506
"368",-7639.1361999996,4864913.2513
"369",-7639.64950000122,4864915.0412
"370",-7640.70399999991,4864913.5625
"371",-7637.72890000045,4864903.1834
"372",-7636.96020000055,4864905.6597
"373",-7637.25699999928,4864949.8143
"374",-7636.20569999889,4864967.3302
"375",-7633.72949999943,4864965.3173
"376",-7622.05460000038,4864976.2942
"377",-7628.13450000063,4864977.0212
"378",-7616.55600000173,4864975.8786
"379",-7618.58689999953,4864975.2962
"380",-7607.24760000035,4864978.5467
"381",-7587.04140000045,4864986.0578
"382",-7605.41930000111,4864979.0708
"383",-7589.00149999931,4864985.4959
"384",-7592.73330000043,4864982.7069
"385",-7615.52769999951,4864982.2821
"386",-7634.50039999932,4864984.3192
"387",-7632.14359999821,4864982.2171
"388",-7592.71860000119,4864984.4303
"389",-7611.05649999902,4864981.8017
"390",-7636.63300000131,4864991.8306
"391",-7641.03009999916,4865006.8267
"392",-7637.22569999844,4864993.8063
"393",-7638.84319999814,4864999.3684
"394",-7639.41719999909,4865001.2771
"395",-7640.97619999945,4865010.6595
"396",-7638.06769999862,4865000.6202
"397",-7641.62460000068,4865008.9015
"398",-7639.07779999822,4865011.764
"399",-7656.63569999859,4864938.026
"400",-7643.20149999857,4864947.9906
"401",-7650.16560000181,4864937.0569
"402",-7632.2388000004,4864988.2492
"403",-7645.0887000002,4864948.9595
"404",-7669.23350000009,4864936.1548
"405",-7667.33980000019,4864936.6978
"406",-7674.95589999855,4864934.5144
"407",-7661.73589999974,4864938.3039
"408",-7680.13459999859,4864931.4921
"409",-7685.72349999845,4864929.8903
"410",-7684.28240000084,4864931.8414
"411",-7682.5438000001,4864932.3395
"412",-7676.6270999983,4864934.0356
"413",-7675.35249999911,4864932.8629
"414",-7646.33929999918,4864932.2718
"415",-7661.89689999819,4864934.6188
"416",-7643.99379999936,4864930.198
"417",-7641.77189999819,4864922.4459
"418",-7641.28579999879,4864920.7506
"419",-7639.64950000122,4864915.0412
"420",-7646.24460000172,4864925.929
"421",-7643.38509999961,4864928.0748
"422",-7639.1361999996,4864913.2513
"423",-7636.96020000055,4864905.6597
"424",-7640.70399999991,4864913.5625
"425",-7637.72890000045,4864903.1834
"426",-7636.20569999889,4864967.3302
"427",-7637.25699999928,4864949.8143
"428",-7628.13450000063,4864977.0212
"429",-7633.72949999943,4864965.3173
"430",-7607.24760000035,4864978.5467
"431",-7618.58689999953,4864975.2962
"432",-7616.55600000173,4864975.8786
"433",-7622.05460000038,4864976.2942
"434",-7605.41930000111,4864979.0708
"435",-7592.71860000119,4864984.4303
"436",-7592.73330000043,4864982.7069
"437",-7587.04140000045,4864986.0578
"438",-7589.00149999931,4864985.4959
"439",-7636.63300000131,4864991.8306
"440",-7632.14359999821,4864982.2171
"441",-7611.05649999902,4864981.8017
"442",-7634.50039999932,4864984.3192
"443",-7615.52769999951,4864982.2821
"444",-7641.03009999916,4865006.8267
"445",-7639.41719999909,4865001.2771
"446",-7638.84319999814,4864999.3684
"447",-7637.22569999844,4864993.8063
"448",-7638.06769999862,4865000.6202
"449",-7641.62460000068,4865008.9015
"450",-7639.07779999822,4865011.764
"451",-7640.97619999945,4865010.6595
"452",-7632.2388000004,4864988.2492
"453",-7650.16560000181,4864937.0569
"454",-7643.20149999857,4864947.9906
"455",-7656.63569999859,4864938.026
"456",-7645.0887000002,4864948.9595
"457",-7674.95589999855,4864934.5144
"458",-7661.73589999974,4864938.3039
"459",-7667.33980000019,4864936.6978
"460",-7676.6270999983,4864934.0356
"461",-7669.23350000009,4864936.1548
"462",-7684.28240000084,4864931.8414
"463",-7682.5438000001,4864932.3395
"464",-7680.13459999859,4864931.4921
"465",-7685.72349999845,4864929.8903
"466",-7646.33929999918,4864932.2718
"467",-7675.35249999911,4864932.8629
"468",-7661.89689999819,4864934.6188
"469",-7643.38509999961,4864928.0748
"470",-7643.99379999936,4864930.198
"471",-7646.24460000172,4864925.929
"472",-7639.64950000122,4864915.0412
"473",-7641.28579999879,4864920.7506
"474",-7641.77189999819,4864922.4459
"475",-7640.70399999991,4864913.5625
"476",-7636.96020000055,4864905.6597
"477",-7637.72890000045,4864903.1834
"478",-7639.1361999996,4864913.2513
"479",-7637.25699999928,4864949.8143
"480",-7628.13450000063,4864977.0212
"481",-7633.72949999943,4864965.3173
"482",-7622.05460000038,4864976.2942
"483",-7636.20569999889,4864967.3302
"484",-7618.58689999953,4864975.2962
"485",-7592.73330000043,4864982.7069
"486",-7616.55600000173,4864975.8786
"487",-7605.41930000111,4864979.0708
"488",-7607.24760000035,4864978.5467
"489",-7587.04140000045,4864986.0578
"490",-7589.00149999931,4864985.4959
"491",-7615.52769999951,4864982.2821
"492",-7592.71860000119,4864984.4303
"493",-7611.05649999902,4864981.8017
"494",-7632.14359999821,4864982.2171
"495",-7636.63300000131,4864991.8306
"496",-7634.50039999932,4864984.3192
"497",-7637.22569999844,4864993.8063
"498",-7638.84319999814,4864999.3684
"499",-7639.07779999822,4865011.764
"500",-7639.41719999909,4865001.2771
"501",-7641.62460000068,4865008.9015
"502",-7641.03009999916,4865006.8267
"503",-7640.97619999945,4865010.6595
"504",-7638.06769999862,4865000.6202
"505",-7645.0887000002,4864948.9595
"506",-7632.2388000004,4864988.2492
"507",-7643.20149999857,4864947.9906
"508",-7650.16560000181,4864937.0569
"509",-7661.73589999974,4864938.3039
"510",-7667.33980000019,4864936.6978
"511",-7656.63569999859,4864938.026
"512",-7676.6270999983,4864934.0356
"513",-7674.95589999855,4864934.5144
"514",-7669.23350000009,4864936.1548
"515",-7682.5438000001,4864932.3395
"516",-7680.13459999859,4864931.4921
"517",-7675.35249999911,4864932.8629
"518",-7661.89689999819,4864934.6188
"519",-7684.28240000084,4864931.8414
"520",-7685.72349999845,4864929.8903
"521",-7646.33929999918,4864932.2718
"522",-7643.99379999936,4864930.198
"523",-7643.38509999961,4864928.0748
"524",-7646.24460000172,4864925.929
"525",-7640.70399999991,4864913.5625
"526",-7641.28579999879,4864920.7506
"527",-7639.1361999996,4864913.2513
"528",-7641.77189999819,4864922.4459
"529",-7639.64950000122,4864915.0412
"530",-7636.96020000055,4864905.6597
"531",-7637.72890000045,4864903.1834
"532",-7685.72349999845,4864929.8903
"533",-7684.28240000084,4864931.8414
"534",-7682.5438000001,4864932.3395
"535",-7676.6270999983,4864934.0356
"536",-7680.13459999859,4864931.4921
"537",-7669.23350000009,4864936.1548
"538",-7661.89689999819,4864934.6188
"539",-7667.33980000019,4864936.6978
"540",-7675.35249999911,4864932.8629
"541",-7674.95589999855,4864934.5144
"542",-7646.33929999918,4864932.2718
"543",-7656.63569999859,4864938.026
"544",-7643.99379999936,4864930.198
"545",-7661.73589999974,4864938.3039
"546",-7641.77189999819,4864922.4459
"547",-7639.64950000122,4864915.0412
"548",-7641.28579999879,4864920.7506
"549",-7643.38509999961,4864928.0748
"550",-7639.1361999996,4864913.2513
"551",-7637.72890000045,4864903.1834
"552",-7637.17599999905,4864901.2547
"553",-7636.96020000055,4864905.6597
"554",-7640.70399999991,4864913.5625
"555",-7645.0887000002,4864948.9595
"556",-7646.24460000172,4864925.929
"557",-7650.16560000181,4864937.0569
"558",-7637.22569999844,4864993.8063
"559",-7643.20149999857,4864947.9906
"560",-7632.2388000004,4864988.2492
"561",-7636.63300000131,4864991.8306
"562",-7634.50039999932,4864984.3192
"563",-7641.62460000068,4865008.9015
"564",-7639.41719999909,4865001.2771
"565",-7638.84319999814,4864999.3684
"566",-7639.41719999909,4865001.2771
"567",-7638.06769999862,4865000.6202
"568",-7638.06769999862,4865000.6202
"569",-7640.97619999945,4865010.6595
"570",-7641.03009999916,4865006.8267
"571",-7632.2388000004,4864988.2492
"572",-7618.58689999953,4864975.2962
"573",-7607.24760000035,4864978.5467
"574",-7616.55600000173,4864975.8786
"575",-7622.05460000038,4864976.2942
"576",-7632.14359999821,4864982.2171
"577",-7605.41930000111,4864979.0708
"578",-7611.05649999902,4864981.8017
"579",-7615.52769999951,4864982.2821
"580",-7592.71860000119,4864984.4303
"581",-7592.71860000119,4864984.4303
"582",-7611.05649999902,4864981.8017
"583",-7589.00149999931,4864985.4959
"584",-7611.05649999902,4864981.8017
"585",-7637.25699999928,4864949.8143
"586",-7685.72349999845,4864929.8903
"587",-7674.95589999855,4864934.5144
"588",-7684.28240000084,4864931.8414
"589",-7682.5438000001,4864932.3395
"590",-7680.13459999859,4864931.4921
"591",-7676.6270999983,4864934.0356
"592",-7661.89689999819,4864934.6188
"593",-7667.33980000019,4864936.6978
"594",-7669.23350000009,4864936.1548
"595",-7675.35249999911,4864932.8629
"596",-7656.63569999859,4864938.026
"597",-7643.38509999961,4864928.0748
"598",-7643.99379999936,4864930.198
"599",-7646.33929999918,4864932.2718
"600",-7661.73589999974,4864938.3039
"601",-7641.28579999879,4864920.7506
"602",-7639.64950000122,4864915.0412
"603",-7641.77189999819,4864922.4459
"604",-7639.1361999996,4864913.2513
"605",-7640.70399999991,4864913.5625
"606",-7636.96020000055,4864905.6597
"607",-7637.72890000045,4864903.1834
"608",-7646.24460000172,4864925.929
"609",-7637.17599999905,4864901.2547
"610",-7645.0887000002,4864948.9595
"611",-7643.20149999857,4864947.9906
"612",-7650.16560000181,4864937.0569
"613",-7632.2388000004,4864988.2492
"614",-7639.41719999909,4865001.2771
"615",-7641.62460000068,4865008.9015
"616",-7637.22569999844,4864993.8063
"617",-7634.50039999932,4864984.3192
"618",-7636.63300000131,4864991.8306
"619",-7640.97619999945,4865010.6595
"620",-7638.06769999862,4865000.6202
"621",-7632.2388000004,4864988.2492
"622",-7641.03009999916,4865006.8267
"623",-7638.06769999862,4865000.6202
"624",-7618.58689999953,4864975.2962
"625",-7616.55600000173,4864975.8786
"626",-7622.05460000038,4864976.2942
"627",-7632.14359999821,4864982.2171
"628",-7611.05649999902,4864981.8017
"629",-7592.71860000119,4864984.4303
"630",-7615.52769999951,4864982.2821
"631",-7611.05649999902,4864981.8017
"632",-7611.05649999902,4864981.8017
"633",-7637.25699999928,4864949.8143
"634",-7682.5438000001,4864932.3395
"635",-7684.28240000084,4864931.8414
"636",-7685.72349999845,4864929.8903
"637",-7675.35249999911,4864932.8629
"638",-7674.95589999855,4864934.5144
"639",-7680.13459999859,4864931.4921
"640",-7676.6270999983,4864934.0356
"641",-7661.89689999819,4864934.6188
"642",-7661.73589999974,4864938.3039
"643",-7669.23350000009,4864936.1548
"644",-7656.63569999859,4864938.026
"645",-7667.33980000019,4864936.6978
"646",-7641.77189999819,4864922.4459
"647",-7646.33929999918,4864932.2718
"648",-7643.99379999936,4864930.198
"649",-7643.38509999961,4864928.0748
"650",-7641.28579999879,4864920.7506
"651",-7636.96020000055,4864905.6597
"652",-7637.17599999905,4864901.2547
"653",-7639.1361999996,4864913.2513
"654",-7639.64950000122,4864915.0412
"655",-7637.72890000045,4864903.1834
"656",-7646.24460000172,4864925.929
"657",-7645.0887000002,4864948.9595
"658",-7640.70399999991,4864913.5625
"659",-7650.16560000181,4864937.0569
"660",-7637.22569999844,4864993.8063
"661",-7643.20149999857,4864947.9906
"662",-7632.2388000004,4864988.2492
"663",-7634.50039999932,4864984.3192
"664",-7636.63300000131,4864991.8306
"665",-7639.41719999909,4865001.2771
"666",-7639.41719999909,4865001.2771
"667",-7638.84319999814,4864999.3684
"668",-7641.62460000068,4865008.9015
"669",-7640.97619999945,4865010.6595
"670",-7638.06769999862,4865000.6202
"671",-7632.2388000004,4864988.2492
"672",-7638.06769999862,4865000.6202
"673",-7641.03009999916,4865006.8267
"674",-7622.05460000038,4864976.2942
"675",-7616.55600000173,4864975.8786
"676",-7632.14359999821,4864982.2171
"677",-7618.58689999953,4864975.2962
"678",-7615.52769999951,4864982.2821
"679",-7611.05649999902,4864981.8017
"680",-7611.05649999902,4864981.8017
"681",-7607.24760000035,4864978.5467
"682",-7611.05649999902,4864981.8017
"683",-7592.71860000119,4864984.4303
"684",-7637.25699999928,4864949.8143
"685",-7684.28240000084,4864931.8414
"686",-7682.5438000001,4864932.3395
"687",-7685.72349999845,4864929.8903
"688",-7680.13459999859,4864931.4921
"689",-7674.95589999855,4864934.5144
"690",-7669.23350000009,4864936.1548
"691",-7667.33980000019,4864936.6978
"692",-7675.35249999911,4864932.8629
"693",-7676.6270999983,4864934.0356
"694",-7656.63569999859,4864938.026
"695",-7646.33929999918,4864932.2718
"696",-7661.89689999819,4864934.6188
"697",-7661.73589999974,4864938.3039
"698",-7643.38509999961,4864928.0748
"699",-7643.99379999936,4864930.198
"700",-7639.64950000122,4864915.0412
"701",-7641.28579999879,4864920.7506
"702",-7641.77189999819,4864922.4459
"703",-7639.1361999996,4864913.2513
"704",-7637.17599999905,4864901.2547
"705",-7637.72890000045,4864903.1834
"706",-7640.70399999991,4864913.5625
"707",-7636.96020000055,4864905.6597
"708",-7650.16560000181,4864937.0569
"709",-7643.20149999857,4864947.9906
"710",-7645.0887000002,4864948.9595
"711",-7646.24460000172,4864925.929
"712",-7638.84319999814,4864999.3684
"713",-7632.2388000004,4864988.2492
"714",-7637.22569999844,4864993.8063
"715",-7634.50039999932,4864984.3192
"716",-7636.63300000131,4864991.8306
"717",-7641.62460000068,4865008.9015
"718",-7639.41719999909,4865001.2771
"719",-7641.03009999916,4865006.8267
"720",-7640.97619999945,4865010.6595
"721",-7639.41719999909,4865001.2771
"722",-7638.06769999862,4865000.6202
"723",-7638.06769999862,4865000.6202
"724",-7632.2388000004,4864988.2492
"725",-7632.14359999821,4864982.2171
"726",-7611.05649999902,4864981.8017
"727",-7607.24760000035,4864978.5467
"728",-7618.58689999953,4864975.2962
"729",-7622.05460000038,4864976.2942
"730",-7616.55600000173,4864975.8786
"731",-7589.00149999931,4864985.4959
"732",-7611.05649999902,4864981.8017
"733",-7611.05649999902,4864981.8017
"734",-7615.52769999951,4864982.2821
"735",-7637.25699999928,4864949.8143
"736",-7685.72349999845,4864929.8903
"737",-7680.13459999859,4864931.4921
"738",-7676.6270999983,4864934.0356
"739",-7682.5438000001,4864932.3395
"740",-7684.28240000084,4864931.8414
"741",-7675.35249999911,4864932.8629
"742",-7674.95589999855,4864934.5144
"743",-7661.89689999819,4864934.6188
"744",-7667.33980000019,4864936.6978
"745",-7669.23350000009,4864936.1548
"746",-7661.73589999974,4864938.3039
"747",-7646.33929999918,4864932.2718
"748",-7643.99379999936,4864930.198
"749",-7656.63569999859,4864938.026
"750",-7643.38509999961,4864928.0748
"751",-7641.77189999819,4864922.4459
"752",-7641.28579999879,4864920.7506
"753",-7639.1361999996,4864913.2513
"754",-7639.64950000122,4864915.0412
"755",-7636.96020000055,4864905.6597
"756",-7646.24460000172,4864925.929
"757",-7637.72890000045,4864903.1834
"758",-7637.17599999905,4864901.2547
"759",-7640.70399999991,4864913.5625
"760",-7634.50039999932,4864984.3192
"761",-7650.16560000181,4864937.0569
"762",-7643.20149999857,4864947.9906
"763",-7632.2388000004,4864988.2492
"764",-7645.0887000002,4864948.9595
"765",-7639.41719999909,4865001.2771
"766",-7637.22569999844,4864993.8063
"767",-7638.84319999814,4864999.3684
"768",-7636.63300000131,4864991.8306
"769",-7641.62460000068,4865008.9015
"770",-7640.97619999945,4865010.6595
"771",-7639.41719999909,4865001.2771
"772",-7638.06769999862,4865000.6202
"773",-7641.03009999916,4865006.8267
"774",-7622.05460000038,4864976.2942
"775",-7618.58689999953,4864975.2962
"776",-7638.06769999862,4865000.6202
"777",-7632.2388000004,4864988.2492
"778",-7632.14359999821,4864982.2171
"779",-7592.73330000043,4864982.7069
"780",-7607.24760000035,4864978.5467
"781",-7605.41930000111,4864979.0708
"782",-7616.55600000173,4864975.8786
"783",-7611.05649999902,4864981.8017
"784",-7592.71860000119,4864984.4303
"785",-7611.05649999902,4864981.8017
"786",-7615.52769999951,4864982.2821
"787",-7611.05649999902,4864981.8017
"788",-7592.71860000119,4864984.4303
"789",-7589.00149999931,4864985.4959
"790",-7637.25699999928,4864949.8143
"791",-7685.72349999845,4864929.8903
"792",-7680.13459999859,4864931.4921
"793",-7684.28240000084,4864931.8414
"794",-7682.5438000001,4864932.3395
"795",-7675.35249999911,4864932.8629
"796",-7674.95589999855,4864934.5144
"797",-7669.23350000009,4864936.1548
"798",-7676.6270999983,4864934.0356
"799",-7656.63569999859,4864938.026
"800",-7667.33980000019,4864936.6978
"801",-7646.33929999918,4864932.2718
"802",-7661.73589999974,4864938.3039
"803",-7661.89689999819,4864934.6188
"804",-7641.77189999819,4864922.4459
"805",-7639.64950000122,4864915.0412
"806",-7643.38509999961,4864928.0748
"807",-7643.99379999936,4864930.198
"808",-7641.28579999879,4864920.7506
"809",-7636.96020000055,4864905.6597
"810",-7639.1361999996,4864913.2513
"811",-7637.17599999905,4864901.2547
"812",-7637.72890000045,4864903.1834
"813",-7650.16560000181,4864937.0569
"814",-7645.0887000002,4864948.9595
"815",-7640.70399999991,4864913.5625
"816",-7643.20149999857,4864947.9906
"817",-7646.24460000172,4864925.929
"818",-7634.50039999932,4864984.3192
"819",-7632.2388000004,4864988.2492
"820",-7637.22569999844,4864993.8063
"821",-7636.63300000131,4864991.8306
"822",-7641.62460000068,4865008.9015
"823",-7639.41719999909,4865001.2771
"824",-7639.41719999909,4865001.2771
"825",-7638.84319999814,4864999.3684
"826",-7641.03009999916,4865006.8267
"827",-7638.06769999862,4865000.6202
"828",-7632.2388000004,4864988.2492
"829",-7640.97619999945,4865010.6595
"830",-7638.06769999862,4865000.6202
"831",-7632.14359999821,4864982.2171
"832",-7616.55600000173,4864975.8786
"833",-7607.24760000035,4864978.5467
"834",-7618.58689999953,4864975.2962
"835",-7622.05460000038,4864976.2942
"836",-7615.52769999951,4864982.2821
"837",-7611.05649999902,4864981.8017
"838",-7605.41930000111,4864979.0708
"839",-7611.05649999902,4864981.8017
"840",-7611.05649999902,4864981.8017
"841",-7589.00149999931,4864985.4959
"842",-7592.71860000119,4864984.4303
"843",-7637.25699999928,4864949.8143
"844",-7685.72349999845,4864929.8903
"845",-7684.28240000084,4864931.8414
"846",-7682.5438000001,4864932.3395
"847",-7680.13459999859,4864931.4921
"848",-7676.6270999983,4864934.0356
"849",-7674.95589999855,4864934.5144
"850",-7667.33980000019,4864936.6978
"851",-7675.35249999911,4864932.8629
"852",-7661.89689999819,4864934.6188
"853",-7669.23350000009,4864936.1548
"854",-7656.63569999859,4864938.026
"855",-7646.33929999918,4864932.2718
"856",-7643.38509999961,4864928.0748
"857",-7661.73589999974,4864938.3039
"858",-7643.99379999936,4864930.198
"859",-7639.64950000122,4864915.0412
"860",-7641.28579999879,4864920.7506
"861",-7641.77189999819,4864922.4459
"862",-7639.1361999996,4864913.2513
"863",-7636.96020000055,4864905.6597
"864",-7640.70399999991,4864913.5625
"865",-7637.17599999905,4864901.2547
"866",-7646.24460000172,4864925.929
"867",-7637.72890000045,4864903.1834
"868",-7645.0887000002,4864948.9595
"869",-7632.2388000004,4864988.2492
"870",-7650.16560000181,4864937.0569
"871",-7643.20149999857,4864947.9906
"872",-7634.50039999932,4864984.3192
"873",-7638.84319999814,4864999.3684
"874",-7636.63300000131,4864991.8306
"875",-7637.22569999844,4864993.8063
"876",-7639.41719999909,4865001.2771
"877",-7641.03009999916,4865006.8267
"878",-7641.62460000068,4865008.9015
"879",-7639.41719999909,4865001.2771
"880",-7632.2388000004,4864988.2492
"881",-7638.06769999862,4865000.6202
"882",-7638.06769999862,4865000.6202
"883",-7640.97619999945,4865010.6595
"884",-7616.55600000173,4864975.8786
"885",-7622.05460000038,4864976.2942
"886",-7618.58689999953,4864975.2962
"887",-7632.14359999821,4864982.2171
"888",-7607.24760000035,4864978.5467
"889",-7592.73330000043,4864982.7069
"890",-7605.41930000111,4864979.0708
"891",-7615.52769999951,4864982.2821
"892",-7611.05649999902,4864981.8017
"893",-7592.71860000119,4864984.4303
"894",-7611.05649999902,4864981.8017
"895",-7611.05649999902,4864981.8017
"896",-7592.71860000119,4864984.4303
"897",-7637.25699999928,4864949.8143
"898",-7680.13459999859,4864931.4921
"899",-7685.72349999845,4864929.8903
"900",-7684.28240000084,4864931.8414
"901",-7682.5438000001,4864932.3395
"902",-7669.23350000009,4864936.1548
"903",-7674.95589999855,4864934.5144
"904",-7676.6270999983,4864934.0356
"905",-7667.33980000019,4864936.6978
"906",-7675.35249999911,4864932.8629
"907",-7661.73589999974,4864938.3039
"908",-7656.63569999859,4864938.026
"909",-7661.89689999819,4864934.6188
"910",-7646.33929999918,4864932.2718
"911",-7641.28579999879,4864920.7506
"912",-7641.77189999819,4864922.4459
"913",-7643.99379999936,4864930.198
"914",-7643.38509999961,4864928.0748
"915",-7637.17599999905,4864901.2547
"916",-7639.64950000122,4864915.0412
"917",-7636.96020000055,4864905.6597
"918",-7639.1361999996,4864913.2513
"919",-7645.0887000002,4864948.9595
"920",-7650.16560000181,4864937.0569
"921",-7646.24460000172,4864925.929
"922",-7637.72890000045,4864903.1834
"923",-7640.70399999991,4864913.5625
"924",-7634.50039999932,4864984.3192
"925",-7632.2388000004,4864988.2492
"926",-7643.20149999857,4864947.9906
"927",-7636.63300000131,4864991.8306
"928",-7639.41719999909,4865001.2771
"929",-7637.22569999844,4864993.8063
"930",-7638.84319999814,4864999.3684
"931",-7639.41719999909,4865001.2771
"932",-7641.62460000068,4865008.9015
"933",-7638.06769999862,4865000.6202
"934",-7641.03009999916,4865006.8267
"935",-7640.97619999945,4865010.6595
"936",-7632.2388000004,4864988.2492
"937",-7638.06769999862,4865000.6202
"938",-7632.14359999821,4864982.2171
"939",-7622.05460000038,4864976.2942
"940",-7618.58689999953,4864975.2962
"941",-7611.05649999902,4864981.8017
"942",-7605.41930000111,4864979.0708
"943",-7592.71860000119,4864984.4303
"944",-7616.55600000173,4864975.8786
"945",-7607.24760000035,4864978.5467
"946",-7592.71860000119,4864984.4303
"947",-7615.52769999951,4864982.2821
"948",-7611.05649999902,4864981.8017
"949",-7611.05649999902,4864981.8017
"950",-7589.00149999931,4864985.4959
"951",-7637.25699999928,4864949.8143
"952",-7684.28240000084,4864931.8414
"953",-7680.13459999859,4864931.4921
"954",-7682.5438000001,4864932.3395
"955",-7685.72349999845,4864929.8903
"956",-7674.95589999855,4864934.5144
"957",-7675.35249999911,4864932.8629
"958",-7669.23350000009,4864936.1548
"959",-7676.6270999983,4864934.0356
"960",-7667.33980000019,4864936.6978
"961",-7646.33929999918,4864932.2718
"962",-7661.73589999974,4864938.3039
"963",-7661.89689999819,4864934.6188
"964",-7656.63569999859,4864938.026
"965",-7643.38509999961,4864928.0748
"966",-7641.77189999819,4864922.4459
"967",-7643.99379999936,4864930.198
"968",-7641.28579999879,4864920.7506
"969",-7637.17599999905,4864901.2547
"970",-7637.72890000045,4864903.1834
"971",-7639.64950000122,4864915.0412
"972",-7636.96020000055,4864905.6597
"973",-7639.1361999996,4864913.2513
"974",-7640.70399999991,4864913.5625
"975",-7643.20149999857,4864947.9906
"976",-7645.0887000002,4864948.9595
"977",-7646.24460000172,4864925.929
"978",-7650.16560000181,4864937.0569
"979",-7636.63300000131,4864991.8306
"980",-7637.22569999844,4864993.8063
"981",-7632.2388000004,4864988.2492
"982",-7634.50039999932,4864984.3192
"983",-7638.84319999814,4864999.3684
"984",-7641.03009999916,4865006.8267
"985",-7641.62460000068,4865008.9015
"986",-7639.41719999909,4865001.2771
"987",-7639.41719999909,4865001.2771
"988",-7632.2388000004,4864988.2492
"989",-7638.06769999862,4865000.6202
"990",-7638.06769999862,4865000.6202
"991",-7632.14359999821,4864982.2171
"992",-7640.97619999945,4865010.6595
"993",-7616.55600000173,4864975.8786
"994",-7618.58689999953,4864975.2962
"995",-7622.05460000038,4864976.2942
"996",-7607.24760000035,4864978.5467
"997",-7605.41930000111,4864979.0708
"998",-7615.52769999951,4864982.2821
"999",-7611.05649999902,4864981.8017
"1000",-7592.73330000043,4864982.7069
"1001",-7592.71860000119,4864984.4303
"1002",-7611.05649999902,4864981.8017
"1003",-7592.71860000119,4864984.4303
"1004",-7611.05649999902,4864981.8017
"1005",-7637.25699999928,4864949.8143
"1006",-7684.28240000084,4864931.8414
"1007",-7685.72349999845,4864929.8903
"1008",-7676.6270999983,4864934.0356
"1009",-7680.13459999859,4864931.4921
"1010",-7682.5438000001,4864932.3395
"1011",-7669.23350000009,4864936.1548
"1012",-7674.95589999855,4864934.5144
"1013",-7675.35249999911,4864932.8629
"1014",-7667.33980000019,4864936.6978
"1015",-7643.99379999936,4864930.198
"1016",-7661.89689999819,4864934.6188
"1017",-7646.33929999918,4864932.2718
"1018",-7661.73589999974,4864938.3039
"1019",-7656.63569999859,4864938.026
"1020",-7639.64950000122,4864915.0412
"1021",-7643.38509999961,4864928.0748
"1022",-7641.77189999819,4864922.4459
"1023",-7641.28579999879,4864920.7506
"1024",-7637.72890000045,4864903.1834
"1025",-7639.1361999996,4864913.2513
"1026",-7637.17599999905,4864901.2547
"1027",-7636.96020000055,4864905.6597
"1028",-7640.70399999991,4864913.5625
"1029",-7632.2388000004,4864988.2492
"1030",-7646.24460000172,4864925.929
"1031",-7643.20149999857,4864947.9906
"1032",-7650.16560000181,4864937.0569
"1033",-7645.0887000002,4864948.9595
"1034",-7637.22569999844,4864993.8063
"1035",-7634.50039999932,4864984.3192
"1036",-7638.84319999814,4864999.3684
"1037",-7636.63300000131,4864991.8306
"1038",-7639.41719999909,4865001.2771
"1039",-7641.62460000068,4865008.9015
"1040",-7641.03009999916,4865006.8267
"1041",-7639.41719999909,4865001.2771
"1042",-7640.97619999945,4865010.6595
"1043",-7632.14359999821,4864982.2171
"1044",-7638.06769999862,4865000.6202
"1045",-7638.06769999862,4865000.6202
"1046",-7632.2388000004,4864988.2492
"1047",-7616.55600000173,4864975.8786
"1048",-7618.58689999953,4864975.2962
"1049",-7607.24760000035,4864978.5467
"1050",-7622.05460000038,4864976.2942
"1051",-7605.41930000111,4864979.0708
"1052",-7615.52769999951,4864982.2821
"1053",-7611.05649999902,4864981.8017
"1054",-7592.71860000119,4864984.4303
"1055",-7611.05649999902,4864981.8017
"1056",-7611.05649999902,4864981.8017
"1057",-7592.71860000119,4864984.4303
"1058",-7589.00149999931,4864985.4959
"1059",-7637.25699999928,4864949.8143
